lat,lon,title,link,city,contry
43.5257499,-80.1922332,Eagle Woods Townhouse,https://precondo.ca/eagle-woods-townhouse/,ajax,Canada
43.8816573,-79.052628,Eagle Glen Homes,https://precondo.ca/eagle-glen-homes/,ajax,Canada
43.8722495,-79.0592312,Manhattan Place Homes,https://precondo.ca/manhattan-place-homes/,ajax,Canada
43.846747,-79.005909,aTowns,https://precondo.ca/atowns/,ajax,Canada
43.9629904,-79.4587584,Monteverdi Estates,https://precondo.ca/monteverdi-estates/,aurora,Canada
43.9958,-79.46689,High Park Urban Towns,https://precondo.ca/high-park-urban-towns/,aurora,Canada
43.9865938,-79.4899659,Allegro Homes,https://precondo.ca/allegro-homes/,aurora,Canada
43.9661749,-79.459588,Princeton Heights Townhomes,https://precondo.ca/princeton-heights-townhomes/,aurora,Canada
44.3883938,-79.6917101,Début Waterfront Residences,https://precondo.ca/debut-waterfront-residences/,barrie,Canada
44.36741,-79.70818,SOBA – South Barrie Towns,https://precondo.ca/soba-south-barrie-towns/,barrie,Canada
44.549737,-79.6717677,Horseshoe Residences,https://precondo.ca/horseshoe-residences/,barrie,Canada
43.6602769,-79.7892919,Spring Valley Estates Homes,https://precondo.ca/spring-valley-estates-homes/,brampton,Canada
43.6669703,-79.8306895,Arbor West Townhomes,https://precondo.ca/arbor-west-homes/,brampton,Canada
43.7815,-79.65702,Bodhi Townhome Living,https://precondo.ca/bodhi-townhome-living/,brampton,Canada
43.7659,-79.65561,CityPointe Heights Condos,https://precondo.ca/citypointe-heights-condos/,brampton,Canada
43.65992,-79.73904,Duo Condos,https://precondo.ca/duo-condos/,brampton,Canada
43.7822849,-79.7503332,Amira Estates Homes,https://precondo.ca/amira-estates-homes/,brampton,Canada
43.69813,-79.84811,Amber Woods,https://precondo.ca/amber-woods/,brampton,Canada
43.692483,-79.83994,Cadillac on Credit,https://precondo.ca/cadillac-on-credit/,brampton,Canada
43.3181481,-79.8358946,Northshore Condos,https://precondo.ca/490-plains-road-east-condos/,burlington,Canada
43.3181481,-79.8358946,Northshore Towns,https://precondo.ca/northshore-towns/,burlington,Canada
43.3939225,-79.7888491,1989 Condos,https://precondo.ca/1989-condos/,burlington,Canada
43.32656,-79.7931399,Nautique Lakefront Residences,https://precondo.ca/nautique-lakefront-residences/,burlington,Canada
43.34688,-79.78583,Gala Burlington Towns,https://precondo.ca/gala-burlington-towns/,burlington,Canada
43.3262388,-79.7984206,Gallery Condos and Lofts,https://precondo.ca/gallery-condos-and-lofts/,burlington,Canada
43.8626447,-79.8799255,Castles of Caledon Homes,https://precondo.ca/castles-of-caledon-homes/,caledon,Canada
43.75634,-79.82812,Strawberry Field Residences,https://precondo.ca/strawberry-field-residences/,caledon,Canada
51.0376047,-114.0606451,Sovereign Condos,https://precondo.ca/sovereign-condos/,calgary-alberta,Canada
50.9235702,-114.0793863,Metroside at Fish Creek Exchange,https://precondo.ca/metroside-at-fish-creek-exchange/,calgary-alberta,Canada
51.0598036,-113.8886664,Highgate Condos,https://precondo.ca/highgate-condos/,calgary-alberta,Canada
51.1692416,-113.9514991,Redstone Park,https://precondo.ca/redstone-park/,calgary-alberta,Canada
50.8610075,-114.0634429,Pine Creek,https://precondo.ca/pine-creek/,calgary-alberta,Canada
51.0476616,-114.0547686,The Arris Residences,https://precondo.ca/the-arris-residences/,calgary-alberta,Canada
51.104177,-114.211521,River Valley Condominiums,https://precondo.ca/river-valley-condominiums/,calgary-alberta,Canada
51.2910875,-114.0513543,The Grove Townhomes at Wildflower,https://precondo.ca/the-grove-townhomes-at-wildflower/,calgary-alberta,Canada
51.0666974,-113.8886416,Arabella Towns,https://precondo.ca/arabella-towns/,calgary-alberta,Canada
51.1787788,-114.0830572,Clover Condos,https://precondo.ca/clover-condos/,calgary-alberta,Canada
51.0422458,-114.0713658,Truman Imperia Condos,https://precondo.ca/truman-imperia-condos/,calgary-alberta,Canada
51.062355,-114.2008988,Oak & Olive Condos,https://precondo.ca/oak-olive-condos/,calgary-alberta,Canada
50.8777212,-113.9527732,Seton Serenity,https://precondo.ca/seton-serenity/,calgary-alberta,Canada
51.0294227,-114.2079772,The Orion in Aspen Spring Village,https://precondo.ca/the-orion-in-aspen-spring-village/,calgary-alberta,Canada
50.8635732,-114.0649019,Belwood Park,https://precondo.ca/belwood-park/,calgary-alberta,Canada
51.0626709,-114.2011296,Parkside Estates,https://precondo.ca/parkside-estates/,calgary-alberta,Canada
51.1868894,-114.051358,Harmony Park,https://precondo.ca/harmony-park/,calgary-alberta,Canada
51.0351,-113.91163,East Hills Crossing,https://precondo.ca/east-hills-crossing/,calgary-alberta,Canada
51.0775963,-114.1483473,Dean’s Landing Townhomes,https://precondo.ca/deans-landing-townhomes/,calgary-alberta,Canada
51.1055526,-114.2714947,Laned Collection at Rockland Park,https://precondo.ca/laned-collection-at-rockland-park/,calgary-alberta,Canada
50.913302,-113.9618517,Hotchkiss,https://precondo.ca/hotchkiss/,calgary-alberta,Canada
51.1869572,-114.0687087,Laned at Livingston,https://precondo.ca/laned-at-livingston/,calgary-alberta,Canada
51.0363876,-114.069727,Mission Flats,https://precondo.ca/mission-flats/,calgary-alberta,Canada
51.1868894,-114.051358,Livingston Townhomes,https://precondo.ca/livingston-townhomes/,calgary-alberta,Canada
51.0273711,-114.0715446,Kings on Fourth Condos,https://precondo.ca/kings-on-fourth-condos/,calgary-alberta,Canada
51.0520761,-114.0775675,First and Park Condos,https://precondo.ca/first-and-park-condos/,calgary-alberta,Canada
51.1668208,-113.9544596,Red Embers Point,https://precondo.ca/red-embers-point/,calgary-alberta,Canada
51.0650465,-114.2105509,Plaza West Condos,https://precondo.ca/plaza-west-condos/,calgary-alberta,Canada
50.8767531,-113.9870305,Retreat Collection at Cranston’s Riverstone,https://precondo.ca/retreat-collection-at-cranstons-riverstone/,calgary-alberta,Canada
51.154441,-113.9524043,The Arthur Cityscape Condos,https://precondo.ca/the-arthur-cityscape-condos/,calgary-alberta,Canada
50.8898747,-113.9130467,Mahogany Community,https://precondo.ca/mahogany-community/,calgary-alberta,Canada
51.1055526,-114.2714947,Duplex Collection at Rockland Park,https://precondo.ca/duplex-collection-at-rockland-park/,calgary-alberta,Canada
51.0460614,-114.2062927,Aspen Woods Estates,https://precondo.ca/aspen-woods-estates/,calgary-alberta,Canada
51.0484023,-114.2108741,Timberline Estates,https://precondo.ca/timberline-estates/,calgary-alberta,Canada
51.0387255,-114.0684396,The Broward Condos,https://precondo.ca/the-broward-condos/,calgary-alberta,Canada
50.8770251,-113.9477528,Seton Summit Building 1,https://precondo.ca/seton-summit-building-1/,calgary-alberta,Canada
51.1409499,-114.25452,Tuscan Rise,https://precondo.ca/tuscan-rise/,calgary-alberta,Canada
51.1704651,-114.1489297,Sage Walk Building 1,https://precondo.ca/sage-walk-building-1/,calgary-alberta,Canada
51.1753374,-114.1479954,Sage Hill Crest,https://precondo.ca/sage-hill-crest/,calgary-alberta,Canada
50.8691534,-113.9557453,ZEN Abrio in Seton,https://precondo.ca/zen-abrio-in-seton/,calgary-alberta,Canada
50.8704596,-114.0665157,The Restaare in Belmont,https://precondo.ca/the-restaare-in-belmont/,calgary-alberta,Canada
50.8664297,-114.0239314,Walden Place Condos,https://precondo.ca/walden-place-condos/,calgary-alberta,Canada
51.0324192,-114.2022727,Arcola at Spring Willow,https://precondo.ca/arcola-at-spring-willow/,calgary-alberta,Canada
51.0287867,-114.100302,Brooklyn Townhomes,https://precondo.ca/brooklyn-townhomes/,calgary-alberta,Canada
50.8648575,-113.975459,ZEN Riverstone West,https://precondo.ca/zen-riverstone-west/,calgary-alberta,Canada
51.1807762,-114.0918785,Carrington,https://precondo.ca/carrington/,calgary-alberta,Canada
51.062384,-114.2046522,West 83 Townhomes,https://precondo.ca/west-83-townhomes/,calgary-alberta,Canada
51.0366156,-114.1029232,Colors of Bankview Townhomes,https://precondo.ca/colors-of-bankview-townhomes/,calgary-alberta,Canada
51.022242,-114.1013929,Marlo,https://precondo.ca/marlo/,calgary-alberta,Canada
51.0535314,-114.1222568,The Rio,https://precondo.ca/the-rio/,calgary-alberta,Canada
51.0383829,-114.1007275,Scarboro 17,https://precondo.ca/scarboro-17/,calgary-alberta,Canada
51.1358822,-113.9654269,Savanna Townhomes,https://precondo.ca/savanna-townhomes/,calgary-alberta,Canada
43.3613976,-80.2897532,Modal At Main Townhomes,https://precondo.ca/modal-at-main-townhomes/,cambridge,Canada
43.3609654,-80.3411628,Westwood Village Homes,https://precondo.ca/westwood-village-homes/,cambridge,Canada
43.3522177,-80.2834361,Marquis Series at Hazel Glenn Townhomes,https://precondo.ca/marquis-series-at-hazel-glenn-townhomes/,cambridge,Canada
43.4211785,-80.3507752,The Ridge at River Mill Homes,https://precondo.ca/the-ridge-at-river-mill-homes/,cambridge,Canada
43.96785,-78.14385,East Village Condos,https://precondo.ca/east-village-condos/,cobourg,Canada
43.9593373,-78.1677363,EV SIX Townhomes,https://precondo.ca/ev-six-townhomes/,cobourg,Canada
43.9664924,-78.1460121,East Village FlexTowns,https://precondo.ca/east-village-flextowns/,cobourg,Canada
44.50424,-80.21498,Collingwood Quay Condos,https://precondo.ca/collingwood-quay-condos/,collingwood,Canada
44.52363,-80.30504,Aquavil Condos,https://precondo.ca/aquavil-condos/,collingwood,Canada
44.50355,-80.21442,Harbour House Condos,https://precondo.ca/harbour-house-condos/,collingwood,Canada
44.4940747,-80.2195394,Victoria Annex Homes,https://precondo.ca/victoria-annex-homes/,collingwood,Canada
44.52363,-80.30504,Aquavil Condos,https://precondo.ca/aquavil-condos/,the-blue-mountains,Canada
53.4518945,-113.6666098,Stillwater Homes,https://precondo.ca/stillwater-homes/,edmonton-alberta,Canada
53.4063337,-113.6112128,Saxony Glen Homes,https://precondo.ca/saxony-glen-homes/,edmonton-alberta,Canada
43.6358644,-79.4673894,Mirabella Condos | 1926 Lake Shore Blvd W,https://precondo.ca/mirabella-condos/,etobicoke,Canada
43.6483693,-79.5266398,Westerly Condos 2,https://precondo.ca/westerly-condos-2/,etobicoke,Canada
43.59439,-79.53395,Westshore,https://precondo.ca/westshore-townhouse/,etobicoke,Canada
43.6618324,-79.5072851,Kingsway Crescent Condos,https://precondo.ca/kingsway-crescent-condos/,etobicoke,Canada
43.6393975,-79.5316271,Arcadia District Condos,https://precondo.ca/arcadia-district-condos/,etobicoke,Canada
43.6251096,-79.506724,Curio Condos,https://precondo.ca/801-the-queensway-condos/,etobicoke,Canada
43.66993,-79.57227,The 900 Condos East Mall,https://precondo.ca/900-the-east-mall-condos/,etobicoke,Canada
43.6224133,-79.5184958,Joya Condos,https://precondo.ca/1049-the-queensway-condos/,etobicoke,Canada
43.6608171,-79.51859,Edenbridge Kingsway Condos,https://precondo.ca/edenbridge-kingsway-condos/,etobicoke,Canada
43.6381303,-79.5378415,Kipling Station Condos,https://precondo.ca/5-jopling-avenue-south-condos/,etobicoke,Canada
43.624168,-79.510872,KuL Condos,https://precondo.ca/875-the-queensway-condos/,etobicoke,Canada
43.6239127,-79.5120995,BLVD. Q Condos,https://precondo.ca/933-the-queensway-condos/,etobicoke,Canada
43.62472,-79.51097,Kazmir Condos,https://precondo.ca/kazmir-condos/,etobicoke,Canada
43.6489809,-79.5304199,Islington Village Towns,https://precondo.ca/distrikt-islington-village-towns/,etobicoke,Canada
43.6231519,-79.5152455,Verge Condos,https://precondo.ca/1001-the-queensway-condos/,etobicoke,Canada
43.6197328,-79.5217067,Thirty Six Zorra Condos,https://precondo.ca/thirty-six-zorra/,etobicoke,Canada
43.6242798,-79.5105895,859 West Queensway Condos,https://precondo.ca/859-west-queensway-condos/,etobicoke,Canada
43.6833646,-79.5235547,Notting Hill Condos,https://precondo.ca/notting-hill-condos/,etobicoke,Canada
43.6394687,-79.5642047,Evermore Condos,https://precondo.ca/evermore-condos/,etobicoke,Canada
43.6252317,-79.4800264,Water’s Edge at the Cove Condos,https://precondo.ca/waters-edge-at-the-cove-condos/,etobicoke,Canada
43.6242798,-79.5105895,859 West Queensway Condos,https://precondo.ca/859-west-queensway-condos/,central-etobicoke,Canada
43.54516,-80.24011,Anthem at the Metalworks Condos,https://precondo.ca/anthem-at-the-metalworks-condos/,new-condos-guelph,Canada
43.54615,-80.24193,The Copper Club,https://precondo.ca/the-copper-club/,new-condos-guelph,Canada
43.5417408,-80.2423075,Edgewater Condos,https://precondo.ca/edgewater-condos/,new-condos-guelph,Canada
43.5677587,-80.2786514,Northside Townhomes,https://precondo.ca/northside-townhomes/,new-condos-guelph,Canada
43.21769,-79.98983,The Design District Condos,https://precondo.ca/the-design-district-condos/,hamilton,Canada
43.2552033,-79.8659232,The Moderne Condos,https://precondo.ca/the-moderne-condos/,hamilton,Canada
43.25758,-79.87995,APEX Condominiums,https://precondo.ca/apex-condominiums/,hamilton,Canada
43.2500023,-79.8679212,Corktown Condos,https://precondo.ca/corktown-condos/,hamilton,Canada
43.2545891,-79.8697884,75 James Condominiums,https://precondo.ca/75-james-condominiums/,hamilton,Canada
43.25911,-79.88678,Westgate on Main Condos,https://precondo.ca/westgate-on-main-condos/,hamilton,Canada
43.2579067,-79.9099643,1107 Main Condos,https://precondo.ca/1107-main-street-west-condos/,hamilton,Canada
43.18643,-79.53729,Century Condos,https://precondo.ca/century-condos/,hamilton,Canada
43.26066,-79.86811,Jamesville Lofts,https://precondo.ca/jamesville-lofts/,hamilton,Canada
43.25941,-79.87868,Alexander Townes,https://precondo.ca/alexander-townes/,hamilton,Canada
43.34016,-79.88442,Parallel Towns,https://precondo.ca/parallel-towns/,hamilton,Canada
43.29266,-79.99944,King’s Park Condominiums,https://precondo.ca/kings-park-condominiums/,hamilton,Canada
43.25505,-79.8914,Dundurn Lofts,https://precondo.ca/dundurn-lofts/,hamilton,Canada
43.257655516884,-79.88273531803,Television City Condos,https://precondo.ca/television-city-condos/,hamilton,Canada
43.2305474,-79.6788455,The Residences at Watershore,https://precondo.ca/the-residences-at-watershore/,hamilton,Canada
43.20671,-79.91053,The Village at St. Elizabeth Mills Condos,https://precondo.ca/the-village-at-st-elizabeth-mills-condos/,hamilton,Canada
43.25434,-79.86122,The Independent Condos,https://precondo.ca/the-independent-condos/,hamilton,Canada
43.20178,-79.55108,Inspiration Point Residences Inc,https://precondo.ca/inspiration-point-condos/,hamilton,Canada
43.25865,-79.87534,Radio Arts Condos,https://precondo.ca/radio-arts-condos/,hamilton,Canada
43.22047,-79.776077,The Jackson,https://precondo.ca/the-jackson/,hamilton,Canada
43.18643,-79.53729,Century Condos,https://precondo.ca/century-condos/,grimsby,Canada
43.20178,-79.55108,Inspiration Point Residences Inc,https://precondo.ca/inspiration-point-condos/,grimsby,Canada
45.3418803,-79.2033956,The Emily Condominium,https://precondo.ca/the-emily-condominium/,huntsville,Canada
45.3489339,-79.2040369,Woodstream Homes,https://precondo.ca/woodstream-homes/,huntsville,Canada
44.350794,-79.5474332,Lakehaven Homes,https://precondo.ca/lakehaven-homes/,innisfil,Canada
44.3122164,-79.5702214,Simcoe Woods Homes,https://precondo.ca/simcoe-woods-homes/,innisfil,Canada
43.9314979,-79.5182426,Fifth Avenue Homes,https://precondo.ca/fifth-avenue-homes/,king-city,Canada
51.253775,-85.3232139,King Terraces Condos,https://precondo.ca/king-terraces-condos/,king-city,Canada
43.45061,-80.48889,Q Condos,https://precondo.ca/q-condos/,kitchener,Canada
43.44417,-80.49487,VIVA Towns,https://precondo.ca/viva-towns/,kitchener,Canada
43.3773572,-80.4437635,South Creek Towns,https://precondo.ca/south-creek-towns/,kitchener,Canada
43.37892,-80.44723,Doon West,https://precondo.ca/doon-west/,kitchener,Canada
43.44967,-80.50158,Garment Street Condos,https://precondo.ca/garment-street-condos/,kitchener,Canada
43.45078,-80.49117,Young Condos at City Centre,https://precondo.ca/young-condos-at-city-centre/,kitchener,Canada
43.37368,-80.41861,The Flats at Rainbow Lake,https://precondo.ca/the-flats-at-rainbow-lake/,kitchener,Canada
43.4225813,-80.4933229,Verde Living East Condos,https://precondo.ca/verde-living-east-condos/,kitchener,Canada
45.53447,-73.87835,Condos laval-sur-le-lac,https://precondo.ca/condos-laval-sur-le-lac/,laval,Canada
42.9169812,-81.297754,The Heathwoods at Lambeth Towns,https://precondo.ca/the-heathwoods-at-lambeth-towns/,london,Canada
43.02384,-81.33234,Fox Crossing Homes,https://precondo.ca/fox-crossing-homes/,london,Canada
43.0375662,-81.2964856,Willow townhomes,https://precondo.ca/willow-townhomes/,london,Canada
43.8506191,-79.3193975,Unioncity Condos,https://precondo.ca/unioncity-condos/,markham,Canada
43.8492861,-79.3238333,Gallery Towers,https://precondo.ca/gallery-towers/,markham,Canada
43.8756226,-79.2605509,46 On Main Condos,https://precondo.ca/46-on-main-condos/,markham,Canada
43.90383,-79.26624,Joy Station Condos,https://precondo.ca/joy-station-condos/,markham,Canada
43.89927,-79.22431,Cornell Rouge Towns,https://precondo.ca/cornell-rouge-towns/,markham,Canada
43.89915,-79.23405,Union Square,https://precondo.ca/union-square/,markham,Canada
43.8562509,-79.3082558,Markham Square Condos,https://precondo.ca/markham-square-condos/,markham,Canada
43.865785351729,-79.312642884473,Varley Condos,https://precondo.ca/varley-condos/,markham,Canada
43.90871,-79.26528,Qui Modern Towns,https://precondo.ca/qui-modern-towns/,markham,Canada
43.4966097,-79.8482403,Creekside Condos,https://precondo.ca/creekside-condos/,milton,Canada
43.5267863,-79.8892692,Mile & Creek Condos 3,https://precondo.ca/mile-creek-condos/,milton,Canada
43.49737,-79.84727,Soleil Condos,https://precondo.ca/soleil-condos/,milton,Canada
43.5261428,-79.8642434,Sienna at Thompson Towers,https://precondo.ca/thompson-towers/,milton,Canada
43.5136267,-79.8231731,Sweetbriar Homes,https://precondo.ca/sweetbriar-homes/,milton,Canada
43.51084,-79.90587,Panorama Towns,https://precondo.ca/panorama-towns/,milton,Canada
43.5292141,-79.8651258,Art on Main Condos,https://precondo.ca/art-on-main-condos/,milton,Canada
43.48945,-79.83238,The Crawford Urban Towns,https://precondo.ca/the-crawford-urban-towns/,milton,Canada
43.4818676,-79.864203,Jasper Village,https://precondo.ca/jasper-village/,milton,Canada
43.544523,-79.589093,Bridge House at Brightwater,https://precondo.ca/brightwater-condos/,mississauga,Canada
43.5818905,-79.6136146,Artform Condos,https://precondo.ca/artform-condos/,mississauga,Canada
43.5382494,-79.7381194,High Line Condos,https://precondo.ca/high-line-condos/,mississauga,Canada
43.5661409,-79.5705211,Rise at Lakeshore Condos,https://precondo.ca/rise-at-stride-condos/,mississauga,Canada
43.5907173,-79.6398155,EX3 Condos,https://precondo.ca/exchange-district-condos/,mississauga,Canada
43.59017,-79.64987,Stak36 Condos,https://precondo.ca/square-one-district-condos/,mississauga,Canada
43.60895,-79.6554,Canopy Towers,https://precondo.ca/canopy-towers/,mississauga,Canada
43.6145715,-79.662797,Above Condos,https://precondo.ca/30-bristol-road-east-condos/,mississauga,Canada
43.60162,-79.70689,Whitehorn Woods Towns,https://precondo.ca/whitehorn-woods-towns/,mississauga,Canada
43.582503,-79.5521367,Lakeview Village Condos,https://precondo.ca/lakeview-village-condos/,mississauga,Canada
43.5899078,-79.631414,ORO at Edge Towers,https://precondo.ca/oro-at-edge-towers/,mississauga,Canada
43.5564175,-79.7027835,The Kith Condos,https://precondo.ca/the-kith-condos/,mississauga,Canada
43.5443025,-79.6548155,Emerson House Condos,https://precondo.ca/emerson-house-condos/,mississauga,Canada
43.53081,-79.61774,Lorne Park Place,https://precondo.ca/lorne-park-place/,mississauga,Canada
43.57157,-79.5949,Crestview Manors,https://precondo.ca/crestview-manors/,mississauga,Canada
43.54475,-79.6552,1695 Dundas Street West Condos,https://precondo.ca/1695-dundas-street-west-condos/,mississauga,Canada
43.5841,-79.6446069,M6 Condos,https://precondo.ca/m-city-condos/,mississauga,Canada
43.5822054,-79.5633169,The Sanctuaries at Serson,https://precondo.ca/the-sanctuaries-at-serson/,mississauga,Canada
43.58502,-79.55095,Exhale Condos,https://precondo.ca/exhale-condus/,mississauga,Canada
43.5564175,-79.7027835,The Kith Condos,https://precondo.ca/the-kith-condos/,erin-mills,Canada
43.5443025,-79.6548155,Emerson House Condos,https://precondo.ca/emerson-house-condos/,erin-mills,Canada
43.544523,-79.589093,Bridge House at Brightwater,https://precondo.ca/brightwater-condos/,port-credit,Canada
43.5661409,-79.5705211,Rise at Lakeshore Condos,https://precondo.ca/rise-at-stride-condos/,port-credit,Canada
43.5907173,-79.6398155,EX3 Condos,https://precondo.ca/exchange-district-condos/,square-one,Canada
43.59017,-79.64987,Stak36 Condos,https://precondo.ca/square-one-district-condos/,square-one,Canada
43.60895,-79.6554,Canopy Towers,https://precondo.ca/canopy-towers/,square-one,Canada
43.5899078,-79.631414,ORO at Edge Towers,https://precondo.ca/oro-at-edge-towers/,square-one,Canada
45.49734,-73.55752,Odea,https://precondo.ca/odea/,montreal,Canada
45.5066592,-73.5679844,Imperia Condominiums,https://precondo.ca/imperia-condominiums/,montreal,Canada
45.49217,-73.55793,Wellington sur le Bassin,https://precondo.ca/wellington-sur-le-bassin/,montreal,Canada
45.4871,-73.58201,1111 Atwater Condos,https://precondo.ca/1111-atwater-condos/,montreal,Canada
45.5031787,-73.6752642,Cité Midtown,https://precondo.ca/cite-midtown/,montreal,Canada
45.5009917,-73.5757142,MAA Condominiums & Penthouses,https://precondo.ca/maa-condominiums-penthouses/,montreal,Canada
45.503923,-73.567921,1 Square Phillips,https://precondo.ca/1-square-phillips/,montreal,Canada
45.4945357,-73.5737127,YUL Condos,https://precondo.ca/yul-condos/,montreal,Canada
45.4939045,-73.5743739,QuinzeCent Condos,https://precondo.ca/quinzecent-condos/,montreal,Canada
45.5066201,-73.5663796,Maestria Condos,https://precondo.ca/maestria-condos/,montreal,Canada
45.5230265,-73.5194358,Sir Charles Condominiums,https://precondo.ca/sir-charles-condominiums/,montreal,Canada
45.44945,-73.42753,Oria Condominiums – Phase 2,https://precondo.ca/oria-condominiums-phase-2/,montreal,Canada
45.50104,-73.57105,Mansfield Condos,https://precondo.ca/mansfield-condos/,montreal,Canada
45.58444,-73.60492,Città Condos,https://precondo.ca/citta-condos/,montreal,Canada
45.55663,-73.67031,Henri B,https://precondo.ca/henri-b/,montreal,Canada
45.51458,-73.63024,Orizon Condominiums – Phase 3,https://precondo.ca/orizon-condominiums-phase-3/,montreal,Canada
45.77177,-73.41307,Le 984 Notre-dame,https://precondo.ca/le-984-notre-dame/,montreal,Canada
45.50284,-73.56768,Tom Condos,https://precondo.ca/tom-condos/,montreal,Canada
45.43873,-73.66337,Gare Du Canal Condominiums Phase 2,https://precondo.ca/gare-du-canal-condominiums-phase-2/,montreal,Canada
45.48286,-73.56244,Le Carré Centre-Sud,https://precondo.ca/le-carre-centre-sud/,montreal,Canada
45.49639,-73.57423,NEST Condos,https://precondo.ca/nest-condos/,montreal,Canada
45.51646,-73.70897,Amelia By The Lake,https://precondo.ca/amelia-by-the-lake/,montreal,Canada
45.51653,-73.7132,Curtiss Alpha Condos,https://precondo.ca/curtiss-alpha-condos/,montreal,Canada
45.47288,-73.53827,MYX Townhouses,https://precondo.ca/myx-townhouses/,montreal,Canada
45.54006,-73.66781,Crown Condos,https://precondo.ca/crown-condos/,montreal,Canada
45.52104,-73.564,Carré des Arts,https://precondo.ca/carre-des-arts/,montreal,Canada
45.49829,-73.57322,Drummond Condominiums,https://precondo.ca/drummond-condominiums/,montreal,Canada
45.51283,-73.54913,Le Solano,https://precondo.ca/le-solano/,montreal,Canada
45.4424,-73.6204,Le Newman,https://precondo.ca/le-newman/,montreal,Canada
45.67747,-73.9248,Luxxcité Condos,https://precondo.ca/luxxcite-condos/,montreal,Canada
45.48498,-73.63115,Théâtre Snowdon Condominiums,https://precondo.ca/theatre-snowdon-condominiums/,montreal,Canada
45.50052,-73.56085,628 Saint-Jacques Condominiums,https://precondo.ca/628-saint-jacques-condominiums/,montreal,Canada
45.54786,-73.66341,Jardins St-Lo Condominiums,https://precondo.ca/jardins-st-lo-condominiums/,montreal,Canada
45.43479,-73.66422,VillaNova Condos,https://precondo.ca/villanova-condos/,montreal,Canada
45.51222,-73.56214,Eli Condos,https://precondo.ca/eli-condos/,montreal,Canada
45.47945,-73.57182,Edwin Condos,https://precondo.ca/edwin-condos/,montreal,Canada
45.5443,-73.58048,Condos Aera,https://precondo.ca/condos-aera/,montreal,Canada
45.502251,-73.706017,Monarc Condominiums,https://precondo.ca/monarc-condominiums/,montreal,Canada
45.4920463,-73.5609188,L82 Condos,https://precondo.ca/l82-condos/,montreal,Canada
45.4956774,-73.5706848,CentraCondos 1000 Rue de La Montagne,https://precondo.ca/centracondos-1000-rue-de-la-montagne/,montreal,Canada
45.4950955,-73.5761318,Enticy Condos,https://precondo.ca/enticy-condos/,montreal,Canada
45.4894371,-73.5620279,NOCA Condos,https://precondo.ca/noca-condos/,montreal,Canada
45.4964397,-73.5706624,Solstice Montréal Condos,https://precondo.ca/solstice-montreal-condos/,montreal,Canada
45.5202901,-73.7807329,Aquablu Condos,https://precondo.ca/aquablu-condos/,montreal,Canada
45.4968589,-73.5716452,Roccabella Condos,https://precondo.ca/roccabella-condos/,montreal,Canada
45.4999871,-73.5612939,Victoria sur le parc,https://precondo.ca/victoria-sur-le-parc/,montreal,Canada
45.5450282,-73.5692835,Tak Village Condos,https://precondo.ca/tak-village-condos/,montreal,Canada
45.516581,-73.5602249,Zenith Condos,https://precondo.ca/zenith-condos/,montreal,Canada
45.4714568,-73.5381527,Evolo NEX – Pointe Nord Community,https://precondo.ca/evolo-nex-pointed-nord-community-condos/,montreal,Canada
45.5492008,-73.5964295,LOMBOI condos,https://precondo.ca/lomboi-condos/,montreal,Canada
45.51073,-73.6936,Signature Bois-Franc Condos,https://precondo.ca/signature-bois-franc-condos/,montreal,Canada
45.5238964,-73.5498826,Esplanade Cartier Condos – Phase 3,https://precondo.ca/esplanade-cartier-condos-phase-3/,montreal,Canada
45.5009492,-73.5752962,Stirlyng Condos on Peel,https://precondo.ca/stirlyng-condos-on-peel/,montreal,Canada
44.04936,-79.50501,Kingsley Square Condos,https://precondo.ca/kingsley-square-condos/,newmarket,Canada
43.44839,-79.68758,Gemini Condos,https://precondo.ca/gemini-condos/,oakville,Canada
43.4483924,-79.6686412,The Aristocrat Condos,https://precondo.ca/the-aristocrat-condos/,oakville,Canada
43.49377,-79.71335,Oakpointe Condos,https://precondo.ca/oakpointe-condos/,oakville,Canada
43.4937993,-79.728124,The Greenwich Condos,https://precondo.ca/the-greenwich-condos/,oakville,Canada
43.4374955,-79.6785947,Berkshire Residences,https://precondo.ca/berkshire-residences/,oakville,Canada
43.48405,-79.72385,The Villages of Oak Park Condos,https://precondo.ca/the-villages-of-oak-park-condos/,oakville,Canada
43.44853,-79.66888,160 Trafalgar Condos,https://precondo.ca/160-trafalgar-condos/,oakville,Canada
43.4537227,-79.756347,ClockWork 3 Condos,https://precondo.ca/clockwork-condos/,oakville,Canada
43.47802,-79.70672,Uptown Oakville Towns,https://precondo.ca/uptown-oakville-towns/,oakville,Canada
43.4897288,-79.7182091,North Oak Condos,https://precondo.ca/oakvillage-community/,oakville,Canada
43.4335635,-79.7739297,The Branch Condos,https://precondo.ca/the-branch-condos/,oakville,Canada
43.4681076,-79.7418151,Distrikt Trailside Condos,https://precondo.ca/distrikt-trailside-condos/,oakville,Canada
43.4866304,-79.7203828,Oak & Co Condos,https://precondo.ca/oak-co-condos/,oakville,Canada
43.4911879,-79.7452017,Oakbrook Towns,https://precondo.ca/oakbrook-towns/,oakville,Canada
43.490729,-79.7164063,The Post Condos,https://precondo.ca/the-post-condos/,oakville,Canada
43.39473,-79.71106,The Residences at Bronte Lakeside,https://precondo.ca/the-residences-at-bronte-lakeside/,oakville,Canada
43.3989287,-79.7068073,Shore Club Towns,https://precondo.ca/shore-club-towns/,oakville,Canada
43.44133,-79.6794,The Deane Condos,https://precondo.ca/the-deane-condos/,oakville,Canada
43.45376,-79.69377,Oakville Ravine Towns,https://precondo.ca/oakville-ravine-towns/,oakville,Canada
44.602928,-79.4626062,West Ridge Trailside Homes,https://precondo.ca/west-ridge-trailside-homes/,orillia,Canada
44.6123396,-79.4151091,Sunshine Harbour Townhomes,https://precondo.ca/sunshine-harbour-townhomes/,orillia,Canada
43.907469,-78.8042312,The Uplands Luxury Townhomes,https://precondo.ca/the-uplands-luxury-townhomes/,oshawa,Canada
43.9184511,-78.7700964,Willow Towns & Homes,https://precondo.ca/willow-towns-homes/,oshawa,Canada
43.89782,-78.8635,Mondria 1 Condos,https://precondo.ca/mondria-1-condos/,oshawa,Canada
43.96411,-78.88754,Charing Cross Condominiums,https://precondo.ca/charing-cross-condominiums/,oshawa,Canada
43.9665907,-78.9043264,U.C. Tower 3 Condos,https://precondo.ca/u-c-tower-condos/,oshawa,Canada
43.91604,-78.8167,Meadow Towns,https://precondo.ca/meadow-towns/,oshawa,Canada
43.9261322,-78.876977,Nouvelle Towns,https://precondo.ca/nouvelle-towns/,oshawa,Canada
43.907469,-78.8042312,The Uplands Luxury Townhomes,https://precondo.ca/the-uplands-luxury-townhomes/,courtice,Canada
43.9184511,-78.7700964,Willow Towns & Homes,https://precondo.ca/willow-towns-homes/,courtice,Canada
43.91604,-78.8167,Meadow Towns,https://precondo.ca/meadow-towns/,courtice,Canada
43.8308779,-79.0793275,The Grand at Universal City Condos,https://precondo.ca/the-grand-at-universal-city-condos/,pickering,Canada
43.8357274,-79.0795974,1515 Pickering Parkway Condos,https://precondo.ca/1515-pickering-parkway-condos/,pickering,Canada
43.84366,-79.07224,Citywalk Towns,https://precondo.ca/citywalk-towns/,pickering,Canada
43.8352427,-79.1473129,Forest District Towns,https://precondo.ca/forest-district-towns/,pickering,Canada
43.87376,-79.08653,NuTowns,https://precondo.ca/nutowns/,pickering,Canada
43.83469,-79.14355,Dali Urban Townhomes,https://precondo.ca/woodlands-altona-forest/,pickering,Canada
43.8095492,-79.1299118,Metropolitan Towns,https://precondo.ca/metropolitan-towns/,pickering,Canada
43.8340039,-79.0882919,Pickering City Centre Condos,https://precondo.ca/pickering-city-centre-condos/,pickering,Canada
43.8458619,-79.078355,The Highmark,https://precondo.ca/the-highmark/,pickering,Canada
43.83232,-79.09122,Vupoint Condos 2,https://precondo.ca/vupoint-condos/,pickering,Canada
45.464591,-73.8362714,AVIVA Condos,https://precondo.ca/aviva-condos/,pointe-claire,Canada
45.448195,-73.7877512,32lakeshore Condos,https://precondo.ca/32lakeshore-condos/,pointe-claire,Canada
45.4568,-73.82874,Seville West 1 Condominiums,https://precondo.ca/seville-west-1-condominiums/,pointe-claire,Canada
43.8940392,-79.4439736,Rise & Rose Condos,https://precondo.ca/rise-rose/,richmond-hill,Canada
43.89365,-79.41981,North on Bayview Condos,https://precondo.ca/north-on-bayview-condos/,richmond-hill,Canada
43.9164,-79.39902,Ivylea Towns,https://precondo.ca/ivylea-towns/,richmond-hill,Canada
43.7013043,-79.2543021,Kingside Residences,https://precondo.ca/2151-kingston-road-condos/,scarborough,Canada
43.7197219,-79.2397785,The Residences at Bluffers Park,https://precondo.ca/the-residences-at-bluffers-park/,scarborough,Canada
43.7069683,-79.251271,Cliffside Condos,https://precondo.ca/2340-kingston-road-condos/,scarborough,Canada
43.68875,-79.28689,Birchley Park Condos,https://precondo.ca/birchley-park-condos/,scarborough,Canada
43.7817952,-79.1751008,Highland Commons Condos,https://precondo.ca/fieldhouse-condos/,scarborough,Canada
43.7762009,-79.2312918,Tricycle Condos,https://precondo.ca/me3-condos/,scarborough,Canada
43.6886889,-79.2698173,The Manderley Condos,https://precondo.ca/the-manderley-condos/,scarborough,Canada
43.68177,-79.27982,Courcelette Condos,https://precondo.ca/1161-kingston-road-condos/,scarborough,Canada
43.7031214,-79.2527948,Merge Condos,https://precondo.ca/merge-condos/,scarborough,Canada
43.7761614,-79.23123749999999,Four ME Condos,https://precondo.ca/four-me-condos/,scarborough,Canada
43.1678699,-79.2715864,Royal Tuscan – Masterpiece Townhomes,https://precondo.ca/royal-tuscan-masterpiece-townhomes/,st-catharines,Canada
43.156155,-79.2316781,Lot 16 Towns,https://precondo.ca/lot-16-towns/,st-catharines,Canada
43.1999003,-79.2657251,The Harbour Club,https://precondo.ca/the-harbour-club/,st-catharines,Canada
43.1455399,-79.21711,St. Kitts Urban Towns,https://precondo.ca/st-kitts-urban-towns/,st-catharines,Canada
43.1824758,-79.2299903,Legacy On Vine,https://precondo.ca/legacy-on-vine/,st-catharines,Canada
43.3704135,-80.9889915,Hillside Homes,https://precondo.ca/hillside-homes/,stratford,Canada
43.3907728,-80.9666396,Knightsbridge Homes,https://precondo.ca/knightsbridge-homes/,stratford,Canada
43.6615804,-79.3767268,JAC Condos,https://precondo.ca/jac-condos/,toronto,Canada
43.64282,-79.41183,Bellwoods House,https://precondo.ca/bellwoods-house/,toronto,Canada
43.6429251,-79.3741862,Sky Tower at Pinnacle One Yonge Condos,https://precondo.ca/prestige-condos-pinnacle-one-yonge/,toronto,Canada
43.6403378,-79.3821922,Q Tower,https://precondo.ca/200-queens-quay-condos/,toronto,Canada
43.7441571,-79.4075914,Yonge City Square Residences,https://precondo.ca/yonge-city-square-residences/,toronto,Canada
43.7746184,-79.3264296,LSQ2 Condos,https://precondo.ca/lsq-condos/,toronto,Canada
43.6867341,-79.3937883,The Hill Residences,https://precondo.ca/the-hill-residences/,toronto,Canada
43.6463319,-79.4038722,Reside on Richmond Condos,https://precondo.ca/reside-on-richmond-condos/,toronto,Canada
43.6676544,-79.4420834,Galleria On the Park Condos,https://precondo.ca/galleria-mall-condos/,toronto,Canada
43.6381583,-79.4733023,Southport in Swansea Square Condos,https://precondo.ca/southport-square-condos/,toronto,Canada
43.6657825,-79.4765846,Craft Residences,https://precondo.ca/craft-residences/,toronto,Canada
43.6365196,-79.4267364,8 Temple Condos,https://precondo.ca/8-temple-condos/,toronto,Canada
43.65335,-79.37564,Queen Church Condos,https://precondo.ca/60-queen-street-east-condos/,toronto,Canada
43.67098,-79.42757,The Dupont Condos,https://precondo.ca/the-dupont-condos/,toronto,Canada
43.64845,-79.38855,Freed Hotel & Condos,https://precondo.ca/240-adelaide-street-west-condos/,toronto,Canada
43.67237,-79.38547,Park Road Condos,https://precondo.ca/717-church-street-condos/,toronto,Canada
43.7908837,-79.4187579,6080 Yonge Condos,https://precondo.ca/6080-yonge-street-condos/,toronto,Canada
43.6599042,-79.35739,The RIV,https://precondo.ca/83-river-street-condos/,toronto,Canada
43.6464526,-79.3950028,101 Spadina Condos,https://precondo.ca/101-spadina-condos/,toronto,Canada
43.6516443,-79.3672536,Allure Condos,https://precondo.ca/allure-condos/,toronto,Canada
43.64774,-79.38994,The PJ Condos,https://precondo.ca/the-pj-condos/,toronto,Canada
43.76795,-79.38061,625 Sheppard Avenue East Condos,https://precondo.ca/625-sheppard-avenue-east-condos/,toronto,Canada
43.7097708,-79.395168,65 Broadway Avenue Condos,https://precondo.ca/65-broadway-avenue-condos/,toronto,Canada
43.6702,-79.3865,The One Condos,https://precondo.ca/the-one-condos/,toronto,Canada
43.6739242,-79.3733513,No. 7 Rosedale Condos,https://precondo.ca/the-dale-condos/,toronto,Canada
43.671477,-79.3895077,The Pemberton,https://precondo.ca/the-residences-of-33-yorkville/,toronto,Canada
43.6806382,-79.4318388,Eight Forty Condos,https://precondo.ca/eight-forty-condos/,toronto,Canada
43.6437869,-79.4329254,57 Brock Condos,https://precondo.ca/fifty-seven-brock-condos/,toronto,Canada
43.6798882,-79.4329297,Monza Condos,https://precondo.ca/monza-condos/,toronto,Canada
43.72575,-79.4878,Wilson West Condos,https://precondo.ca/1184-wilson-avenue-condos/,toronto,Canada
43.71165,-79.3948,AKRA Living Condos,https://precondo.ca/akra-living-condos/,toronto,Canada
43.6447338,-79.367818,Empire Quay House Condos,https://precondo.ca/162-queens-quay-condos/,toronto,Canada
43.6733293,-79.4159156,Oscar Residences,https://precondo.ca/500-dupont-street-condos/,toronto,Canada
43.6546,-79.44596,House Of Assembly Condos,https://precondo.ca/house-of-assembly-condos/,toronto,Canada
43.7202794,-79.340951,Lily at Crosstown Condos,https://precondo.ca/lily-at-crosstown-condos/,toronto,Canada
43.685003,-79.2753517,Terrasse Condos,https://precondo.ca/terrasse-condos/,toronto,Canada
43.6479877,-79.391839,Central Condos,https://precondo.ca/central-condos/,toronto,Canada
43.6457912,-79.3925144,357 King West Condos,https://precondo.ca/357-king-west-condos/,toronto,Canada
43.6842059,-79.3568252,Angular Condos,https://precondo.ca/1001-broadview-residences/,toronto,Canada
43.7137788,-79.3935776,Keewatin Towns,https://precondo.ca/keewatin-towns/,toronto,Canada
43.65561,-79.45741,Westbend Residences,https://precondo.ca/westbend-residences/,toronto,Canada
43.6386112,-79.4276199,XO Condos,https://precondo.ca/xo-condos/,toronto,Canada
43.65084,-79.36774,The Whitfield Condos,https://precondo.ca/the-whitfield-condos/,toronto,Canada
43.65196,-79.37559,Alias Condos,https://precondo.ca/alias-condos/,toronto,Canada
43.78584,-79.41711,Plaza on Yonge Condos,https://precondo.ca/plaza-on-yonge-condos/,toronto,Canada
43.67805,-79.30148,The Cliffton,https://precondo.ca/2450-kingston-rd-condos/,toronto,Canada
43.71352,-79.36039,The Frederick Condos,https://precondo.ca/the-frederick-condos/,toronto,Canada
43.6873179,-79.4135228,South Forest Hill Residences,https://precondo.ca/south-forest-hill-residences/,toronto,Canada
43.7606899,-79.41376,North Core Condos,https://precondo.ca/north-core-condos/,toronto,Canada
43.6660798,-79.4992394,The Towns of Lambton Mills,https://precondo.ca/the-towns-of-lambton-mills/,toronto,Canada
43.6410858,-79.3928003,Concord Canada House,https://precondo.ca/concord-canada-house/,toronto,Canada
43.7057521,-79.3962946,Plaza Midtown Condos,https://precondo.ca/plaza-midtown-condos-1-and-2/,toronto,Canada
43.667343069076,-79.345040544458,The Lofthouse Condos,https://precondo.ca/the-lofthouse-condos/,toronto,Canada
43.7121503,-79.399721,Capitol Theatre Condos,https://precondo.ca/capitol-theatre-condos/,toronto,Canada
43.7202794,-79.340951,Lily at Crosstown Condos,https://precondo.ca/lily-at-crosstown-condos/,don-mills-and-eglinton,Canada
43.6615804,-79.3767268,JAC Condos,https://precondo.ca/jac-condos/,downtown-toronto,Canada
43.6463319,-79.4038722,Reside on Richmond Condos,https://precondo.ca/reside-on-richmond-condos/,downtown-toronto,Canada
43.64845,-79.38855,Freed Hotel & Condos,https://precondo.ca/240-adelaide-street-west-condos/,downtown-toronto,Canada
43.6464526,-79.3950028,101 Spadina Condos,https://precondo.ca/101-spadina-condos/,downtown-toronto,Canada
43.6552395,-79.3879075,The United BLDG Condos,https://precondo.ca/481-university-avenue-condos/,downtown-toronto,Canada
43.6579966,-79.3729499,Elektra Condos,https://precondo.ca/elektra-condos/,downtown-toronto,Canada
43.6567515,-79.3921081,The Bread Company Condos,https://precondo.ca/the-bread-company-condos/,downtown-toronto,Canada
43.6542131,-79.3750599,88 Queen Condos,https://precondo.ca/88-queen-condos/,downtown-toronto,Canada
43.6551128,-79.374632,The Garden District Condos,https://precondo.ca/garden-district-condos/,downtown-toronto,Canada
43.6423498,-79.3962044,The Well Condos,https://precondo.ca/the-well-condos/,downtown-toronto,Canada
43.645772017828,-79.391002261346,Bungalow on Mercer Condos,https://precondo.ca/bungalow-on-mercer-condos/,downtown-toronto,Canada
43.6467602,-79.3918082,Plaza Theatre District Condos,https://precondo.ca/plaza-theatre-district-condos/,downtown-toronto,Canada
43.6599042,-79.35739,The RIV,https://precondo.ca/83-river-street-condos/,east,Canada
43.6531601,-79.360174,28 Eastern Condos,https://precondo.ca/28-eastern-condos/,east,Canada
43.6528783,-79.3551974,Canary Commons Condos,https://precondo.ca/canary-commons-condos/,east,Canada
43.6488295,-79.3613192,No 31 Condos,https://precondo.ca/no-31-condos/,east,Canada
43.6561883,-79.3645002,Warehouse Lofts,https://precondo.ca/warehouse-lofts/,east,Canada
43.6605426,-79.356259,River and Fifth Condos,https://precondo.ca/river-and-fifth-condos/,east,Canada
43.654313626682,-79.363026157672,Home Power Adelaide Condos,https://precondo.ca/home-power-adelaide-condos/,east,Canada
43.65909,-79.34768,Biblio Lofts,https://precondo.ca/763-queen-street-east-condos/,east,Canada
43.6479877,-79.391839,Central Condos,https://precondo.ca/central-condos/,west,Canada
43.6457912,-79.3925144,357 King West Condos,https://precondo.ca/357-king-west-condos/,west,Canada
43.6445053,-79.398598,King Toronto Condos,https://precondo.ca/489-king-west-condos/,west,Canada
43.6460745,-79.400506,123 Portland Condos,https://precondo.ca/123-portland-condos/,west,Canada
43.6474144,-79.3917184,Encore Theatre District Condos,https://precondo.ca/encore-theatre-district-condos/,west,Canada
43.667343069076,-79.345040544458,The Lofthouse Condos,https://precondo.ca/the-lofthouse-condos/,riverdale,Canada
43.6667299,-79.3452198,Elevate at Logan,https://precondo.ca/elevate-at-logan/,riverdale,Canada
43.6365196,-79.4267364,8 Temple Condos,https://precondo.ca/8-temple-condos/,liberty,Canada
43.6386112,-79.4276199,XO Condos,https://precondo.ca/xo-condos/,liberty,Canada
43.7057521,-79.3962946,Plaza Midtown Condos,https://precondo.ca/plaza-midtown-condos-1-and-2/,midtown,Canada
43.7029672,-79.3979073,UOVO Boutique Residences,https://precondo.ca/uovo-boutique-residences/,midtown,Canada
43.7441571,-79.4075914,Yonge City Square Residences,https://precondo.ca/yonge-city-square-residences/,northYork,Canada
43.7746184,-79.3264296,LSQ2 Condos,https://precondo.ca/lsq-condos/,northYork,Canada
43.7908837,-79.4187579,6080 Yonge Condos,https://precondo.ca/6080-yonge-street-condos/,northYork,Canada
43.72575,-79.4878,Wilson West Condos,https://precondo.ca/1184-wilson-avenue-condos/,northYork,Canada
43.71165,-79.3948,AKRA Living Condos,https://precondo.ca/akra-living-condos/,northYork,Canada
43.7321903,-79.3064268,The Vic Towns,https://precondo.ca/the-vic-towns/,northYork,Canada
43.7135214,-79.3603722,Upper East Village Condos,https://precondo.ca/upper-east-village-condos/,northYork,Canada
43.7688858,-79.3747029,Saisons Condos,https://precondo.ca/saisons-condos/,northYork,Canada
43.7853716,-79.4177711,Yonge & Finch Condos,https://precondo.ca/yonge-and-finch-condos/,northYork,Canada
43.7398638,-79.4855234,The Keeley Condos,https://precondo.ca/the-keeley-condos/,northYork,Canada
43.7192817,-79.3487413,Auberge 2 on the Park,https://precondo.ca/auberge-2-park/,northYork,Canada
43.7587055,-79.4242686,The Addington Condos,https://precondo.ca/the-addington-condos/,northYork,Canada
43.76838,-79.3778,Six99 Condos,https://precondo.ca/six99-condos/,northYork,Canada
43.685003,-79.2753517,Terrasse Condos,https://precondo.ca/terrasse-condos/,Beaches,Canada
43.6429251,-79.3741862,Sky Tower at Pinnacle One Yonge Condos,https://precondo.ca/prestige-condos-pinnacle-one-yonge/,waterfront,Canada
43.6403378,-79.3821922,Q Tower,https://precondo.ca/200-queens-quay-condos/,waterfront,Canada
43.6447338,-79.367818,Empire Quay House Condos,https://precondo.ca/162-queens-quay-condos/,waterfront,Canada
43.645308,-79.3619955,Aqualuna Condos,https://precondo.ca/aqualuna/,waterfront,Canada
43.645155851162,-79.36542284967,Aquabella Condos,https://precondo.ca/aquabella-condos/,waterfront,Canada
43.6676544,-79.4420834,Galleria On the Park Condos,https://precondo.ca/galleria-mall-condos/,west-toronto,Canada
43.6806382,-79.4318388,Eight Forty Condos,https://precondo.ca/eight-forty-condos/,west-toronto,Canada
43.6437869,-79.4329254,57 Brock Condos,https://precondo.ca/fifty-seven-brock-condos/,west-toronto,Canada
43.6798882,-79.4329297,Monza Condos,https://precondo.ca/monza-condos/,west-toronto,Canada
43.6650311,-79.4597092,The Junction House,https://precondo.ca/the-junction-house/,west-toronto,Canada
43.7097708,-79.395168,65 Broadway Avenue Condos,https://precondo.ca/65-broadway-avenue-condos/,eglinton,Canada
43.7112206,-79.3932324,Untitled Toronto Condos,https://precondo.ca/untitled-toronto-condos/,eglinton,Canada
43.718674,-79.4005599,The Winslow Condos,https://precondo.ca/the-winslow-condos/,eglinton,Canada
43.6890537,-79.3946919,One Delisle Condos,https://precondo.ca/one-delisle-condos/,eglinton,Canada
43.725149641316,-79.417226314545,Avenue & Park Condos,https://precondo.ca/avenue-park-condos/,eglinton,Canada
43.733046954263,-79.446709864554,Express 2 Condos,https://precondo.ca/express-condos/,yorkdale,Canada
43.6702,-79.3865,The One Condos,https://precondo.ca/the-one-condos/,yorkville,Canada
43.6739242,-79.3733513,No. 7 Rosedale Condos,https://precondo.ca/the-dale-condos/,yorkville,Canada
43.671477,-79.3895077,The Pemberton,https://precondo.ca/the-residences-of-33-yorkville/,yorkville,Canada
43.6724243,-79.3900373,50 Scollard Condos,https://precondo.ca/50-scollard-condos/,yorkville,Canada
43.6723394,-79.3953266,89 Avenue Road Condos,https://precondo.ca/89-avenue-road-condos/,yorkville,Canada
43.6745229,-79.4010676,321 Davenport Condos,https://precondo.ca/321-davenport-condos/,yorkville,Canada
43.6688248,-79.3835558,55C Condos,https://precondo.ca/55c-condos/,yorkville,Canada
43.6737191,-79.4122389,Bianca Condos,https://precondo.ca/bianca-condos/,yorkville,Canada
44.09076,-79.13602,Q1 Condos,https://precondo.ca/q1-condos/,uxbridge,Canada
44.111252,-79.1123128,Wyldwood Trail Townhomes,https://precondo.ca/wyldwood-trail-townhomes/,uxbridge,Canada
43.7656781,-79.5789612,SXSW Condos,https://precondo.ca/sxsw-condos/,vaughan,Canada
43.77932,-79.59648,Elegance Luxury Residences,https://precondo.ca/elegance-luxury-residences/,vaughan,Canada
43.8591671,-79.643814,Copperwood Homes,https://precondo.ca/copperwood-homes/,vaughan,Canada
43.81157,-79.61543,Condo 260,https://precondo.ca/condo-260/,vaughan,Canada
43.7939927,-79.5245469,Bravo Condos,https://precondo.ca/bravo-condos/,vaughan,Canada
43.8249794,-79.5313128,Charisma Condos,https://precondo.ca/charisma-condos/,vaughan,Canada
43.7949345,-79.5217285,CG Tower,https://precondo.ca/cg-tower/,vaughan,Canada
43.7940086,-79.5279386,Park Place Condos,https://precondo.ca/park-place-condos/,vaughan,Canada
43.86055,-79.50338,GO.2 Condominiums,https://precondo.ca/go-2-condominiums/,vaughan,Canada
43.456364,-80.5431798,Moda Condos,https://precondo.ca/moda-condos/,waterloo,Canada
43.46749,-80.52252,Strata Condos,https://precondo.ca/strata-condos/,waterloo,Canada
43.47856,-80.53495,Louie Condos,https://precondo.ca/louie-condos/,waterloo,Canada
43.47505,-80.5345,LivSmart Condos,https://precondo.ca/livsmart-condos/,waterloo,Canada
43.47589,-80.53291,Framework Condos,https://precondo.ca/framework-condos/,waterloo,Canada
43.46636,-80.52365,The Isabella Residences,https://precondo.ca/the-isabella-residences/,waterloo,Canada
43.953236,-78.9624085,Brooklin Towns in Whitby,https://precondo.ca/brooklin-towns-in-whitby/,whitby,Canada
43.9238357,-78.9502349,The Attersley Homes,https://precondo.ca/the-attersley-homes/,whitby,Canada
43.8893306,-78.9830635,Vogue at Queen’s Commons Homes,https://precondo.ca/vogue-at-queens-commons-homes/,whitby,Canada
43.9015238,-78.9838956,New Towns in Whitby Meadow,https://precondo.ca/new-towns-in-whitby-meadow/,whitby,Canada
43.9145997,-78.9770545,The Trails of Country Lane Townhouse,https://precondo.ca/the-trails-of-country-lane-townhouse/,whitby,Canada
43.88383,-78.92545,Harbour Ten10 Condominiums,https://precondo.ca/harbour-ten10-condominiums/,whitby,Canada
43.87895,-78.94093,Station No 3 Condos,https://precondo.ca/station-no-3-condos/,whitby,Canada
